{"cameraMode":{"drawMode":0,"name":"Shaded","section":"Shading Mode"},"sceneLighting":true,"audioPlay":false,"sceneViewState":{"showFog":true,"showMaterialUpdate":false,"showSkybox":true,"showFlares":true,"showImageEffects":true,"showParticleSystems":true},"in2DMode":false,"pivot":{"x":-211.08749389648438,"y":-5.6177473068237309,"z":177.81642150878907},"rotation":{"x":0.016155607998371125,"y":-0.4281978905200958,"z":0.008208611980080605,"w":0.9035720825195313},"size":144.85060119628907,"orthographic":false}