{"cameraMode":{"drawMode":0,"name":"Shaded","section":"Shading Mode"},"sceneLighting":false,"audioPlay":false,"sceneViewState":{"showFog":true,"showMaterialUpdate":false,"showSkybox":false,"showFlares":true,"showImageEffects":true,"showParticleSystems":true},"in2DMode":false,"pivot":{"x":-5.022891044616699,"y":2.2864675521850588,"z":-13.385149955749512},"rotation":{"x":0.019644631072878839,"y":0.12861569225788117,"z":-0.0025303917936980726,"w":0.9915235638618469},"size":0.36742350459098818,"orthographic":false}