{"cameraMode":{"drawMode":0,"name":"Shaded","section":"Shading Mode"},"sceneLighting":false,"audioPlay":false,"sceneViewState":{"showFog":true,"showMaterialUpdate":false,"showSkybox":false,"showFlares":true,"showImageEffects":true,"showParticleSystems":true},"in2DMode":false,"pivot":{"x":0.1100001335144043,"y":-0.2200000286102295,"z":-0.09000015258789063},"rotation":{"x":0.13921670615673066,"y":-0.7365500330924988,"z":0.15948712825775147,"w":0.642461359500885},"size":0.6123724579811096,"orthographic":false}